ANALS_TRGET_YEAR,ANALS_TRGET_MT,AGE_FLAG_NM,KWRD_RANK_CO,KWRD_NM,FQ_CO
"2021","10","20대","1","사람","4884"
"2021","10","20대","2","자신","2256"
"2021","10","20대","3","사랑","1892"
"2021","10","20대","4","세계","1796"
"2021","10","20대","5","생각","1715"
"2021","10","20대","6","시작","1475"
"2021","10","20대","7","독자","1415"
"2021","10","20대","8","투자","1377"
"2021","10","20대","9","인생","1337"
"2021","10","20대","10","마음","1298"
"2021","10","20대","11","방법","1251"
"2021","10","20대","12","이유","1209"
"2021","10","20대","13","문제","1018"
"2021","10","20대","14","시간","1001"
"2021","10","20대","15","필요","976"
"2021","10","20대","16","미국","972"
"2021","10","20대","17","인간","953"
"2021","10","20대","18","가지","906"
"2021","10","20대","19","사회","901"
"2021","10","20대","20","행복","880"
"2021","10","20대","21","일본","877"
"2021","10","20대","22","기록","824"
"2021","10","20대","23","시대","819"
"2021","10","20대","24","누구","799"
"2021","10","20대","25","세상","787"
"2021","10","20대","26","이해","731"
"2021","10","20대","27","여성","722"
"2021","10","20대","27","성공","722"
"2021","10","20대","29","베스트셀러","715"
"2021","10","20대","30","감정","711"
"2021","10","20대","31","최고","708"
"2021","10","20대","32","다양","703"
"2021","10","20대","33","경험","685"
"2021","10","20대","34","공부","674"
"2021","10","20대","35","존재","665"
"2021","10","20대","36","역사","648"
"2021","10","20대","37","의미","646"
"2021","10","20대","38","경제","642"
"2021","10","20대","39","질문","639"
"2021","10","20대","40","선택","635"
"2021","10","20대","41","습관","629"
"2021","10","20대","42","관계","623"
"2021","10","20대","43","미래","622"
"2021","10","20대","44","죽음","621"
"2021","10","20대","45","한국","620"
"2021","10","20대","46","부자","600"
"2021","10","20대","47","기업","598"
"2021","10","20대","47","변화","598"
"2021","10","20대","49","과정","591"
"2021","10","20대","50","지식","569"
"2021","10","20대","51","현실","562"
"2021","10","20대","52","사실","557"
"2021","10","20대","53","연구","540"
"2021","10","20대","54","당신","529"
"2021","10","20대","55","기억","527"
"2021","10","20대","56","사건","517"
"2021","10","20대","57","주식","509"
"2021","10","20대","58","기술","502"
"2021","10","20대","59","자기","496"
"2021","10","20대","60","순간","492"
"2021","10","20대","61","친구","472"
"2021","10","20대","61","고민","472"
"2021","10","20대","63","교수","469"
"2021","10","20대","64","언어","462"
"2021","10","20대","65","비밀","457"
"2021","10","20대","66","분야","456"
"2021","10","20대","67","처음","454"
"2021","10","20대","68","부동산","447"
"2021","10","20대","69","문장","436"
"2021","10","20대","70","이름","435"
"2021","10","20대","71","철학","432"
"2021","10","20대","71","방식","432"
"2021","10","20대","73","모습","430"
"2021","10","20대","74","장편소설","429"
"2021","10","20대","75","행동","427"
"2021","10","20대","76","노력","426"
"2021","10","20대","77","개인","423"
"2021","10","20대","78","시장","421"
"2021","10","20대","79","문학","420"
"2021","10","20대","80","이번","419"
"2021","10","20대","81","오늘","418"
"2021","10","20대","82","상황","413"
"2021","10","20대","83","가치","411"
"2021","10","20대","84","여행","405"
"2021","10","20대","85","사이","402"
"2021","10","20대","86","가족","400"
"2021","10","20대","87","인물","396"
"2021","10","20대","87","상처","396"
"2021","10","20대","89","활동","394"
"2021","10","20대","90","남자","390"
"2021","10","20대","91","핵심","388"
"2021","10","20대","92","수상","386"
"2021","10","20대","93","타인","385"
"2021","10","20대","93","기회","385"
"2021","10","20대","95","회사","384"
"2021","10","20대","96","설명","382"
"2021","10","20대","97","일상","379"
"2021","10","20대","98","여자","377"
"2021","10","20대","99","주인공","374"
"2021","10","20대","100","시절","372"
"2021","10","30대","1","아이","2814"
"2021","10","30대","2","사람","2028"
"2021","10","30대","3","엄마","1505"
"2021","10","30대","4","그림책","1407"
"2021","10","30대","5","어린이","1108"
"2021","10","30대","6","투자","1104"
"2021","10","30대","7","마음","1103"
"2021","10","30대","8","세계","1100"
"2021","10","30대","9","사랑","1037"
"2021","10","30대","9","시작","1037"
"2021","10","30대","11","자신","994"
"2021","10","30대","12","한자","971"
"2021","10","30대","13","독자","963"
"2021","10","30대","14","공부","903"
"2021","10","30대","15","생각","901"
"2021","10","30대","16","다양","888"
"2021","10","30대","17","과학","785"
"2021","10","30대","18","역사","772"
"2021","10","30대","19","학습","756"
"2021","10","30대","20","그림","751"
"2021","10","30대","21","방법","734"
"2021","10","30대","22","시리즈","725"
"2021","10","30대","23","아이들","722"
"2021","10","30대","24","부모","699"
"2021","10","30대","25","친구","677"
"2021","10","30대","26","아빠","676"
"2021","10","30대","27","시간","656"
"2021","10","30대","28","신화","654"
"2021","10","30대","29","만화","639"
"2021","10","30대","30","이유","632"
"2021","10","30대","31","영어","624"
"2021","10","30대","32","문제","583"
"2021","10","30대","33","학습만화","574"
"2021","10","30대","34","인생","568"
"2021","10","30대","35","모습","543"
"2021","10","30대","36","세상","532"
"2021","10","30대","37","필요","525"
"2021","10","30대","38","누구","517"
"2021","10","30대","39","부자","511"
"2021","10","30대","40","가지","509"
"2021","10","30대","41","이해","503"
"2021","10","30대","42","일본","502"
"2021","10","30대","43","행복","494"
"2021","10","30대","44","한국","482"
"2021","10","30대","45","사건","470"
"2021","10","30대","46","과정","468"
"2021","10","30대","47","질문","453"
"2021","10","30대","48","주식","451"
"2021","10","30대","49","상상력","450"
"2021","10","30대","50","읽기","443"
"2021","10","30대","51","여행","442"
"2021","10","30대","52","미국","428"
"2021","10","30대","53","최고","420"
"2021","10","30대","54","감정","417"
"2021","10","30대","55","초등","416"
"2021","10","30대","56","수상","411"
"2021","10","30대","56","마법","411"
"2021","10","30대","58","베스트셀러","403"
"2021","10","30대","59","시대","402"
"2021","10","30대","60","지식","400"
"2021","10","30대","61","이번","399"
"2021","10","30대","62","한국사","398"
"2021","10","30대","63","수학","393"
"2021","10","30대","64","가족","384"
"2021","10","30대","65","마법천자문","371"
"2021","10","30대","66","대한민국","369"
"2021","10","30대","67","어른","366"
"2021","10","30대","68","경험","362"
"2021","10","30대","69","비밀","355"
"2021","10","30대","70","교육","354"
"2021","10","30대","71","해결","344"
"2021","10","30대","72","정보","340"
"2021","10","30대","72","부동산","340"
"2021","10","30대","74","카카오프렌즈","337"
"2021","10","30대","75","고민","334"
"2021","10","30대","76","구성","329"
"2021","10","30대","77","캐릭터","327"
"2021","10","30대","78","처음","324"
"2021","10","30대","79","주인공","323"
"2021","10","30대","80","활용","322"
"2021","10","30대","81","기억","320"
"2021","10","30대","82","인간","318"
"2021","10","30대","83","특별","314"
"2021","10","30대","84","자기","309"
"2021","10","30대","85","유튜브","305"
"2021","10","30대","86","성공","303"
"2021","10","30대","87","문화","302"
"2021","10","30대","88","학교","297"
"2021","10","30대","89","그리스","293"
"2021","10","30대","90","원리","291"
"2021","10","30대","91","선정","290"
"2021","10","30대","91","모험","290"
"2021","10","30대","93","활동","289"
"2021","10","30대","94","탐정","285"
"2021","10","30대","94","소개","285"
"2021","10","30대","96","오늘","282"
"2021","10","30대","97","표현","281"
"2021","10","30대","98","자존감","278"
"2021","10","30대","98","재미","278"
"2021","10","30대","100","변화","274"
"2021","10","40대","1","과학","2051"
"2021","10","40대","2","아이","1649"
"2021","10","40대","3","사람","1594"
"2021","10","40대","4","어린이","1302"
"2021","10","40대","5","세계","1198"
"2021","10","40대","6","실험","1127"
"2021","10","40대","7","역사","1118"
"2021","10","40대","8","투자","1026"
"2021","10","40대","9","독자","1015"
"2021","10","40대","10","다양","982"
"2021","10","40대","11","만화","937"
"2021","10","40대","12","시작","934"
"2021","10","40대","13","발명","913"
"2021","10","40대","14","원리","871"
"2021","10","40대","15","자신","857"
"2021","10","40대","16","공부","844"
"2021","10","40대","17","학습","825"
"2021","10","40대","18","마음","767"
"2021","10","40대","19","시리즈","766"
"2021","10","40대","20","한자","757"
"2021","10","40대","21","사랑","741"
"2021","10","40대","22","학습만화","722"
"2021","10","40대","23","아이들","720"
"2021","10","40대","24","대결","707"
"2021","10","40대","25","사건","683"
"2021","10","40대","26","생각","673"
"2021","10","40대","27","과정","651"
"2021","10","40대","28","친구","645"
"2021","10","40대","29","이유","614"
"2021","10","40대","30","신화","609"
"2021","10","40대","31","방법","589"
"2021","10","40대","32","교과서","585"
"2021","10","40대","33","시간","584"
"2021","10","40대","34","문제","580"
"2021","10","40대","35","주인공","569"
"2021","10","40대","36","수학","564"
"2021","10","40대","37","이해","543"
"2021","10","40대","38","엄마","532"
"2021","10","40대","39","가지","529"
"2021","10","40대","40","한국사","513"
"2021","10","40대","41","시대","512"
"2021","10","40대","42","그림","510"
"2021","10","40대","43","수상","498"
"2021","10","40대","44","그림책","469"
"2021","10","40대","45","여행","466"
"2021","10","40대","46","내용","462"
"2021","10","40대","47","세상","457"
"2021","10","40대","48","정보","455"
"2021","10","40대","49","탐정","453"
"2021","10","40대","49","미국","453"
"2021","10","40대","51","핵심","451"
"2021","10","40대","52","모습","450"
"2021","10","40대","53","일본","444"
"2021","10","40대","54","인생","436"
"2021","10","40대","55","누구","434"
"2021","10","40대","56","생활","433"
"2021","10","40대","57","해결","430"
"2021","10","40대","58","지식","429"
"2021","10","40대","59","필요","419"
"2021","10","40대","60","베스트셀러","418"
"2021","10","40대","61","비밀","412"
"2021","10","40대","62","상상력","409"
"2021","10","40대","63","주식","405"
"2021","10","40대","64","이번","404"
"2021","10","40대","64","최고","404"
"2021","10","40대","66","구성","401"
"2021","10","40대","67","질문","399"
"2021","10","40대","68","초등학교","379"
"2021","10","40대","69","대한민국","376"
"2021","10","40대","70","마법","365"
"2021","10","40대","70","부자","365"
"2021","10","40대","72","변화","364"
"2021","10","40대","73","인간","363"
"2021","10","40대","74","초등","359"
"2021","10","40대","74","동화","359"
"2021","10","40대","74","읽기","359"
"2021","10","40대","77","한국","342"
"2021","10","40대","78","가족","341"
"2021","10","40대","79","문화","339"
"2021","10","40대","80","행복","338"
"2021","10","40대","81","위기","335"
"2021","10","40대","82","카카오프렌즈","327"
"2021","10","40대","83","학교","324"
"2021","10","40대","84","부모","323"
"2021","10","40대","85","어른","319"
"2021","10","40대","86","경험","318"
"2021","10","40대","87","마법천자문","316"
"2021","10","40대","88","고민","314"
"2021","10","40대","89","활용","310"
"2021","10","40대","89","캐릭터","310"
"2021","10","40대","91","스토리","309"
"2021","10","40대","91","모험","309"
"2021","10","40대","93","이론","304"
"2021","10","40대","94","기억","299"
"2021","10","40대","95","아빠","296"
"2021","10","40대","96","특별","290"
"2021","10","40대","97","재미","287"
"2021","10","40대","97","교육","287"
"2021","10","40대","99","유튜브","284"
"2021","10","40대","99","대상","284"
"2021","10","50대","1","사람","4083"
"2021","10","50대","2","투자","3952"
"2021","10","50대","3","자신","1660"
"2021","10","50대","4","세계","1632"
"2021","10","50대","5","인생","1592"
"2021","10","50대","6","주식","1502"
"2021","10","50대","7","시작","1460"
"2021","10","50대","8","생각","1355"
"2021","10","50대","9","마음","1328"
"2021","10","50대","10","이유","1243"
"2021","10","50대","11","미국","1238"
"2021","10","50대","12","방법","1230"
"2021","10","50대","13","사랑","1182"
"2021","10","50대","14","독자","1086"
"2021","10","50대","15","시대","1082"
"2021","10","50대","16","부동산","1078"
"2021","10","50대","17","행복","1043"
"2021","10","50대","18","미래","952"
"2021","10","50대","19","인간","950"
"2021","10","50대","20","부자","947"
"2021","10","50대","21","시간","940"
"2021","10","50대","22","기업","916"
"2021","10","50대","23","세상","894"
"2021","10","50대","24","일본","890"
"2021","10","50대","25","시장","874"
"2021","10","50대","26","최고","855"
"2021","10","50대","27","가지","850"
"2021","10","50대","28","필요","848"
"2021","10","50대","29","한국","810"
"2021","10","50대","30","분석","791"
"2021","10","50대","31","역사","789"
"2021","10","50대","31","사회","789"
"2021","10","50대","33","공부","775"
"2021","10","50대","34","투자자","766"
"2021","10","50대","34","경제","766"
"2021","10","50대","36","문제","756"
"2021","10","50대","37","누구","752"
"2021","10","50대","38","변화","742"
"2021","10","50대","39","성공","734"
"2021","10","50대","40","베스트셀러","705"
"2021","10","50대","41","이해","673"
"2021","10","50대","42","전략","656"
"2021","10","50대","43","다양","630"
"2021","10","50대","44","경험","589"
"2021","10","50대","45","의미","577"
"2021","10","50대","46","중국","576"
"2021","10","50대","47","토지","575"
"2021","10","50대","48","질문","529"
"2021","10","50대","49","기회","514"
"2021","10","50대","49","죽음","514"
"2021","10","50대","51","존재","507"
"2021","10","50대","52","가치","501"
"2021","10","50대","53","수익","500"
"2021","10","50대","54","주식투자","480"
"2021","10","50대","55","기술","479"
"2021","10","50대","56","사건","472"
"2021","10","50대","57","매매","471"
"2021","10","50대","58","선택","466"
"2021","10","50대","59","교수","465"
"2021","10","50대","60","활동","460"
"2021","10","50대","61","대한민국","458"
"2021","10","50대","62","사실","457"
"2021","10","50대","63","관계","447"
"2021","10","50대","64","감정","446"
"2021","10","50대","65","현실","444"
"2021","10","50대","66","과정","440"
"2021","10","50대","67","아파트","437"
"2021","10","50대","68","대표","436"
"2021","10","50대","69","장편소설","432"
"2021","10","50대","70","전문가","431"
"2021","10","50대","71","건강","427"
"2021","10","50대","72","비밀","425"
"2021","10","50대","73","주목","417"
"2021","10","50대","74","성장","411"
"2021","10","50대","75","연구","406"
"2021","10","50대","76","주가","403"
"2021","10","50대","77","이번","402"
"2021","10","50대","78","여행","397"
"2021","10","50대","79","모습","394"
"2021","10","50대","80","분야","388"
"2021","10","50대","81","이름","386"
"2021","10","50대","81","고민","386"
"2021","10","50대","83","아이","384"
"2021","10","50대","84","기록","381"
"2021","10","50대","84","순간","381"
"2021","10","50대","86","개인","378"
"2021","10","50대","87","공간","374"
"2021","10","50대","87","나이","374"
"2021","10","50대","87","지식","374"
"2021","10","50대","90","위기","373"
"2021","10","50대","91","국내","372"
"2021","10","50대","92","아버지","371"
"2021","10","50대","92","자기","371"
"2021","10","50대","92","실패","371"
"2021","10","50대","92","종목","371"
"2021","10","50대","96","정보","370"
"2021","10","50대","97","운동","369"
"2021","10","50대","98","가족","367"
"2021","10","50대","99","기억","366"
"2021","10","50대","100","여성","365"
"2021","10","60대 이상","1","사람","2868"
"2021","10","60대 이상","2","역사","1450"
"2021","10","60대 이상","3","투자","1397"
"2021","10","60대 이상","4","시대","1286"
"2021","10","60대 이상","5","세계","1274"
"2021","10","60대 이상","6","자신","1202"
"2021","10","60대 이상","7","시작","1201"
"2021","10","60대 이상","8","사랑","1195"
"2021","10","60대 이상","9","한국","1179"
"2021","10","60대 이상","10","인생","1141"
"2021","10","60대 이상","11","일본","1056"
"2021","10","60대 이상","12","독자","1003"
"2021","10","60대 이상","13","토지","985"
"2021","10","60대 이상","14","마음","979"
"2021","10","60대 이상","15","사회","937"
"2021","10","60대 이상","16","생각","914"
"2021","10","60대 이상","17","미국","872"
"2021","10","60대 이상","17","중국","872"
"2021","10","60대 이상","19","인간","826"
"2021","10","60대 이상","20","세상","774"
"2021","10","60대 이상","21","행복","761"
"2021","10","60대 이상","22","최명희","743"
"2021","10","60대 이상","23","죽음","725"
"2021","10","60대 이상","24","이유","713"
"2021","10","60대 이상","25","최고","664"
"2021","10","60대 이상","26","주식","657"
"2021","10","60대 이상","27","장편소설","655"
"2021","10","60대 이상","28","사건","637"
"2021","10","60대 이상","29","시간","630"
"2021","10","60대 이상","30","가지","622"
"2021","10","60대 이상","31","혼불","620"
"2021","10","60대 이상","32","누구","619"
"2021","10","60대 이상","33","문학","615"
"2021","10","60대 이상","34","베스트셀러","609"
"2021","10","60대 이상","35","인물","601"
"2021","10","60대 이상","36","방법","595"
"2021","10","60대 이상","37","문제","568"
"2021","10","60대 이상","38","다양","537"
"2021","10","60대 이상","39","모습","514"
"2021","10","60대 이상","40","존재","509"
"2021","10","60대 이상","41","미래","499"
"2021","10","60대 이상","42","아버지","494"
"2021","10","60대 이상","42","필요","494"
"2021","10","60대 이상","44","전쟁","492"
"2021","10","60대 이상","45","교수","491"
"2021","10","60대 이상","46","변화","488"
"2021","10","60대 이상","47","이름","469"
"2021","10","60대 이상","48","오늘","458"
"2021","10","60대 이상","49","연재","455"
"2021","10","60대 이상","50","비밀","454"
"2021","10","60대 이상","51","의미","452"
"2021","10","60대 이상","52","활동","445"
"2021","10","60대 이상","53","대하소설","433"
"2021","10","60대 이상","54","문장","428"
"2021","10","60대 이상","55","사실","418"
"2021","10","60대 이상","55","마지막","418"
"2021","10","60대 이상","57","시절","416"
"2021","10","60대 이상","58","언어","410"
"2021","10","60대 이상","59","미스터리","408"
"2021","10","60대 이상","60","기록","404"
"2021","10","60대 이상","61","수상","398"
"2021","10","60대 이상","62","중심","396"
"2021","10","60대 이상","63","주인공","394"
"2021","10","60대 이상","64","과정","393"
"2021","10","60대 이상","64","이해","393"
"2021","10","60대 이상","64","질문","393"
"2021","10","60대 이상","67","이번","392"
"2021","10","60대 이상","68","경제","378"
"2021","10","60대 이상","69","여행","376"
"2021","10","60대 이상","70","현대문학","375"
"2021","10","60대 이상","70","처음","375"
"2021","10","60대 이상","72","대한민국","373"
"2021","10","60대 이상","73","나라","371"
"2021","10","60대 이상","74","시장","370"
"2021","10","60대 이상","75","사이","368"
"2021","10","60대 이상","76","나이","367"
"2021","10","60대 이상","77","등장","361"
"2021","10","60대 이상","78","현실","357"
"2021","10","60대 이상","79","문화","352"
"2021","10","60대 이상","79","어머니","352"
"2021","10","60대 이상","81","발표","348"
"2021","10","60대 이상","82","경험","345"
"2021","10","60대 이상","83","기억","341"
"2021","10","60대 이상","84","기업","338"
"2021","10","60대 이상","85","생생","335"
"2021","10","60대 이상","86","조선","330"
"2021","10","60대 이상","87","위기","329"
"2021","10","60대 이상","87","민족","329"
"2021","10","60대 이상","89","배경","327"
"2021","10","60대 이상","89","관계","327"
"2021","10","60대 이상","91","공부","325"
"2021","10","60대 이상","92","운명","324"
"2021","10","60대 이상","93","가족","322"
"2021","10","60대 이상","93","서울","322"
"2021","10","60대 이상","95","여자","321"
"2021","10","60대 이상","96","가치","319"
"2021","10","60대 이상","97","수호지","318"
"2021","10","60대 이상","97","집필","318"
"2021","10","60대 이상","99","시인","315"
"2021","10","60대 이상","100","여성","314"
"2021","10","영유아(0~5)","1","그림책","3398"
"2021","10","영유아(0~5)","2","아이","2392"
"2021","10","영유아(0~5)","3","엄마","1295"
"2021","10","영유아(0~5)","4","마음","1146"
"2021","10","영유아(0~5)","5","친구","1124"
"2021","10","영유아(0~5)","6","그림","1087"
"2021","10","영유아(0~5)","7","어린이","980"
"2021","10","영유아(0~5)","8","시리즈","940"
"2021","10","영유아(0~5)","9","아빠","853"
"2021","10","영유아(0~5)","10","사랑","809"
"2021","10","영유아(0~5)","11","모습","775"
"2021","10","영유아(0~5)","12","세계","749"
"2021","10","영유아(0~5)","13","아이들","704"
"2021","10","영유아(0~5)","14","사람","648"
"2021","10","영유아(0~5)","15","자신","603"
"2021","10","영유아(0~5)","16","다양","589"
"2021","10","영유아(0~5)","17","일본","585"
"2021","10","영유아(0~5)","18","독자","583"
"2021","10","영유아(0~5)","19","생각","572"
"2021","10","영유아(0~5)","19","한국","572"
"2021","10","영유아(0~5)","21","동물","564"
"2021","10","영유아(0~5)","22","캐릭터","469"
"2021","10","영유아(0~5)","23","그린","456"
"2021","10","영유아(0~5)","24","시작","420"
"2021","10","영유아(0~5)","25","어른","410"
"2021","10","영유아(0~5)","26","가족","405"
"2021","10","영유아(0~5)","27","상상력","395"
"2021","10","영유아(0~5)","28","표현","385"
"2021","10","영유아(0~5)","29","주인공","383"
"2021","10","영유아(0~5)","30","마을","380"
"2021","10","영유아(0~5)","30","도토리","380"
"2021","10","영유아(0~5)","32","이번","373"
"2021","10","영유아(0~5)","33","세상","358"
"2021","10","영유아(0~5)","34","유쾌","355"
"2021","10","영유아(0~5)","35","공룡","350"
"2021","10","영유아(0~5)","36","할머니","337"
"2021","10","영유아(0~5)","37","감정","325"
"2021","10","영유아(0~5)","37","야옹이","325"
"2021","10","영유아(0~5)","37","애니메이션","325"
"2021","10","영유아(0~5)","40","누구","321"
"2021","10","영유아(0~5)","41","토끼","316"
"2021","10","영유아(0~5)","42","처음","310"
"2021","10","영유아(0~5)","43","행복","306"
"2021","10","영유아(0~5)","44","상상","300"
"2021","10","영유아(0~5)","45","병관","285"
"2021","10","영유아(0~5)","46","과정","277"
"2021","10","영유아(0~5)","47","역사","275"
"2021","10","영유아(0~5)","47","가지","275"
"2021","10","영유아(0~5)","49","오늘","274"
"2021","10","영유아(0~5)","50","보고","273"
"2021","10","영유아(0~5)","51","자기","266"
"2021","10","영유아(0~5)","52","엉덩이","264"
"2021","10","영유아(0~5)","53","장면","263"
"2021","10","영유아(0~5)","54","활동","260"
"2021","10","영유아(0~5)","55","소리","254"
"2021","10","영유아(0~5)","56","아기","252"
"2021","10","영유아(0~5)","56","재미","252"
"2021","10","영유아(0~5)","58","특별","250"
"2021","10","영유아(0~5)","59","수상","249"
"2021","10","영유아(0~5)","60","사건","247"
"2021","10","영유아(0~5)","61","부모","241"
"2021","10","영유아(0~5)","61","탐정","241"
"2021","10","영유아(0~5)","63","아저씨","233"
"2021","10","영유아(0~5)","64","한국 그림책","232"
"2021","10","영유아(0~5)","65","등장","230"
"2021","10","영유아(0~5)","66","걱정","224"
"2021","10","영유아(0~5)","67","유치원","223"
"2021","10","영유아(0~5)","68","하루","222"
"2021","10","영유아(0~5)","69","가게","218"
"2021","10","영유아(0~5)","70","만화","216"
"2021","10","영유아(0~5)","71","여행","214"
"2021","10","영유아(0~5)","72","학교","213"
"2021","10","영유아(0~5)","73","얼굴","211"
"2021","10","영유아(0~5)","74","창작그림책","210"
"2021","10","영유아(0~5)","74","경험","210"
"2021","10","영유아(0~5)","76","유럽","208"
"2021","10","영유아(0~5)","76","책읽는곰","208"
"2021","10","영유아(0~5)","78","기발","207"
"2021","10","영유아(0~5)","78","한국사","207"
"2021","10","영유아(0~5)","78","동생","207"
"2021","10","영유아(0~5)","81","놀이","203"
"2021","10","영유아(0~5)","82","마법","202"
"2021","10","영유아(0~5)","83","고양이","200"
"2021","10","영유아(0~5)","84","선물","194"
"2021","10","영유아(0~5)","85","혼자","192"
"2021","10","영유아(0~5)","85","웃음","192"
"2021","10","영유아(0~5)","87","나무","191"
"2021","10","영유아(0~5)","88","필요","190"
"2021","10","영유아(0~5)","89","아주","189"
"2021","10","영유아(0~5)","90","머리","187"
"2021","10","영유아(0~5)","91","돼지","186"
"2021","10","영유아(0~5)","92","이름","185"
"2021","10","영유아(0~5)","92","카카오프렌즈","185"
"2021","10","영유아(0~5)","92","존재","185"
"2021","10","영유아(0~5)","95","시간","184"
"2021","10","영유아(0~5)","96","바람","183"
"2021","10","영유아(0~5)","97","선생님","182"
"2021","10","영유아(0~5)","98","방법","181"
"2021","10","영유아(0~5)","99","모양","180"
"2021","10","영유아(0~5)","100","콘텐츠","179"
"2021","10","유아(6~7)","1","그림책","2076"
"2021","10","유아(6~7)","2","아이","1729"
"2021","10","유아(6~7)","3","한자","1270"
"2021","10","유아(6~7)","4","어린이","1245"
"2021","10","유아(6~7)","5","과학","1122"
"2021","10","유아(6~7)","6","그림","1045"
"2021","10","유아(6~7)","7","시리즈","961"
"2021","10","유아(6~7)","8","마음","955"
"2021","10","유아(6~7)","9","엄마","937"
"2021","10","유아(6~7)","10","다양","907"
"2021","10","유아(6~7)","11","세계","893"
"2021","10","유아(6~7)","12","친구","877"
"2021","10","유아(6~7)","13","만화","871"
"2021","10","유아(6~7)","14","학습","819"
"2021","10","유아(6~7)","15","학습만화","788"
"2021","10","유아(6~7)","16","사람","779"
"2021","10","유아(6~7)","17","독자","748"
"2021","10","유아(6~7)","18","모습","737"
"2021","10","유아(6~7)","19","사랑","721"
"2021","10","유아(6~7)","20","역사","716"
"2021","10","유아(6~7)","21","신화","658"
"2021","10","유아(6~7)","22","생각","651"
"2021","10","유아(6~7)","23","아이들","649"
"2021","10","유아(6~7)","24","아빠","614"
"2021","10","유아(6~7)","25","시작","540"
"2021","10","유아(6~7)","26","자신","507"
"2021","10","유아(6~7)","27","사건","494"
"2021","10","유아(6~7)","28","일본","490"
"2021","10","유아(6~7)","29","상상력","485"
"2021","10","유아(6~7)","30","가족","470"
"2021","10","유아(6~7)","31","마법","464"
"2021","10","유아(6~7)","32","캐릭터","445"
"2021","10","유아(6~7)","33","실험","443"
"2021","10","유아(6~7)","34","마법천자문","442"
"2021","10","유아(6~7)","35","한국사","422"
"2021","10","유아(6~7)","36","원리","413"
"2021","10","유아(6~7)","37","문제","411"
"2021","10","유아(6~7)","37","주인공","411"
"2021","10","유아(6~7)","39","어른","407"
"2021","10","유아(6~7)","40","과정","394"
"2021","10","유아(6~7)","41","이번","388"
"2021","10","유아(6~7)","41","수상","388"
"2021","10","유아(6~7)","43","한국","376"
"2021","10","유아(6~7)","44","구성","372"
"2021","10","유아(6~7)","45","이해","360"
"2021","10","유아(6~7)","46","카카오프렌즈","356"
"2021","10","유아(6~7)","47","해결","350"
"2021","10","유아(6~7)","48","할머니","342"
"2021","10","유아(6~7)","49","병관","341"
"2021","10","유아(6~7)","50","여행","338"
"2021","10","유아(6~7)","51","대결","332"
"2021","10","유아(6~7)","52","모험","326"
"2021","10","유아(6~7)","53","재미","324"
"2021","10","유아(6~7)","54","게임","322"
"2021","10","유아(6~7)","55","그린","321"
"2021","10","유아(6~7)","56","발명","316"
"2021","10","유아(6~7)","57","수학","315"
"2021","10","유아(6~7)","58","서울대학교","313"
"2021","10","유아(6~7)","59","누구","311"
"2021","10","유아(6~7)","60","지식","308"
"2021","10","유아(6~7)","61","그리스","305"
"2021","10","유아(6~7)","62","서울문화사","300"
"2021","10","유아(6~7)","63","쿠키런서바이벌대작전","297"
"2021","10","유아(6~7)","64","문화","296"
"2021","10","유아(6~7)","65","선생님","295"
"2021","10","유아(6~7)","65","마을","295"
"2021","10","유아(6~7)","67","유쾌","294"
"2021","10","유아(6~7)","68","가지","293"
"2021","10","유아(6~7)","68","소리","293"
"2021","10","유아(6~7)","70","인기","292"
"2021","10","유아(6~7)","70","동화","292"
"2021","10","유아(6~7)","72","동물","289"
"2021","10","유아(6~7)","73","비밀","288"
"2021","10","유아(6~7)","74","토끼","285"
"2021","10","유아(6~7)","74","시간","285"
"2021","10","유아(6~7)","76","세상","282"
"2021","10","유아(6~7)","76","탐정","282"
"2021","10","유아(6~7)","78","보고","280"
"2021","10","유아(6~7)","79","엉덩이","279"
"2021","10","유아(6~7)","80","내용","276"
"2021","10","유아(6~7)","81","대한민국","273"
"2021","10","유아(6~7)","82","스토리","270"
"2021","10","유아(6~7)","82","퀴즈","270"
"2021","10","유아(6~7)","84","특별","268"
"2021","10","유아(6~7)","85","표현","267"
"2021","10","유아(6~7)","86","자기","266"
"2021","10","유아(6~7)","87","등장","262"
"2021","10","유아(6~7)","88","학교","257"
"2021","10","유아(6~7)","89","처음","255"
"2021","10","유아(6~7)","90","생활","249"
"2021","10","유아(6~7)","91","초등학교","247"
"2021","10","유아(6~7)","92","공부","246"
"2021","10","유아(6~7)","93","선정","245"
"2021","10","유아(6~7)","94","로마","241"
"2021","10","유아(6~7)","95","소개","240"
"2021","10","유아(6~7)","96","베스트셀러","238"
"2021","10","유아(6~7)","97","쿠키","236"
"2021","10","유아(6~7)","98","활동","235"
"2021","10","유아(6~7)","99","나무","234"
"2021","10","유아(6~7)","100","교과서","233"
"2021","10","청소년(14~19)","1","사람","3220"
"2021","10","청소년(14~19)","2","과학","2039"
"2021","10","청소년(14~19)","3","수학","1852"
"2021","10","청소년(14~19)","4","세계","1575"
"2021","10","청소년(14~19)","5","자신","1505"
"2021","10","청소년(14~19)","6","사랑","1358"
"2021","10","청소년(14~19)","7","독자","1288"
"2021","10","청소년(14~19)","8","생각","1191"
"2021","10","청소년(14~19)","9","공부","1111"
"2021","10","청소년(14~19)","10","시작","1058"
"2021","10","청소년(14~19)","11","문제","1025"
"2021","10","청소년(14~19)","12","역사","947"
"2021","10","청소년(14~19)","13","이해","934"
"2021","10","청소년(14~19)","14","실험","914"
"2021","10","청소년(14~19)","15","사회","882"
"2021","10","청소년(14~19)","16","이유","875"
"2021","10","청소년(14~19)","17","인간","871"
"2021","10","청소년(14~19)","18","마음","868"
"2021","10","청소년(14~19)","19","다양","856"
"2021","10","청소년(14~19)","20","인생","836"
"2021","10","청소년(14~19)","21","시대","806"
"2021","10","청소년(14~19)","22","세상","801"
"2021","10","청소년(14~19)","23","방법","755"
"2021","10","청소년(14~19)","24","사건","741"
"2021","10","청소년(14~19)","25","일본","712"
"2021","10","청소년(14~19)","26","원리","686"
"2021","10","청소년(14~19)","27","질문","682"
"2021","10","청소년(14~19)","28","과정","678"
"2021","10","청소년(14~19)","29","미래","677"
"2021","10","청소년(14~19)","30","미국","671"
"2021","10","청소년(14~19)","31","아이","669"
"2021","10","청소년(14~19)","32","교수","662"
"2021","10","청소년(14~19)","33","시간","655"
"2021","10","청소년(14~19)","34","필요","646"
"2021","10","청소년(14~19)","35","가지","631"
"2021","10","청소년(14~19)","36","누구","621"
"2021","10","청소년(14~19)","37","존재","602"
"2021","10","청소년(14~19)","38","베스트셀러","597"
"2021","10","청소년(14~19)","39","한국","594"
"2021","10","청소년(14~19)","40","지식","593"
"2021","10","청소년(14~19)","41","기록","592"
"2021","10","청소년(14~19)","42","연구","591"
"2021","10","청소년(14~19)","43","죽음","589"
"2021","10","청소년(14~19)","44","변화","560"
"2021","10","청소년(14~19)","45","의미","554"
"2021","10","청소년(14~19)","46","최고","546"
"2021","10","청소년(14~19)","47","시리즈","544"
"2021","10","청소년(14~19)","48","친구","527"
"2021","10","청소년(14~19)","48","간호사","527"
"2021","10","청소년(14~19)","50","사실","520"
"2021","10","청소년(14~19)","51","주인공","518"
"2021","10","청소년(14~19)","52","현실","513"
"2021","10","청소년(14~19)","53","기술","512"
"2021","10","청소년(14~19)","54","발견","509"
"2021","10","청소년(14~19)","55","설명","507"
"2021","10","청소년(14~19)","56","행복","506"
"2021","10","청소년(14~19)","57","선택","483"
"2021","10","청소년(14~19)","58","비밀","480"
"2021","10","청소년(14~19)","59","이론","469"
"2021","10","청소년(14~19)","59","모습","469"
"2021","10","청소년(14~19)","61","고민","460"
"2021","10","청소년(14~19)","62","분야","459"
"2021","10","청소년(14~19)","63","기억","456"
"2021","10","청소년(14~19)","64","인류","454"
"2021","10","청소년(14~19)","65","청소년","450"
"2021","10","청소년(14~19)","66","교육","444"
"2021","10","청소년(14~19)","67","학습","442"
"2021","10","청소년(14~19)","68","지구","432"
"2021","10","청소년(14~19)","69","경험","427"
"2021","10","청소년(14~19)","70","가족","420"
"2021","10","청소년(14~19)","71","여성","418"
"2021","10","청소년(14~19)","72","수상","415"
"2021","10","청소년(14~19)","73","내용","409"
"2021","10","청소년(14~19)","74","학생","402"
"2021","10","청소년(14~19)","74","정보","402"
"2021","10","청소년(14~19)","76","이번","400"
"2021","10","청소년(14~19)","77","어린이","396"
"2021","10","청소년(14~19)","78","관계","394"
"2021","10","청소년(14~19)","79","생활","391"
"2021","10","청소년(14~19)","80","활동","390"
"2021","10","청소년(14~19)","81","이름","385"
"2021","10","청소년(14~19)","81","마지막","385"
"2021","10","청소년(14~19)","83","처음","377"
"2021","10","청소년(14~19)","83","학교","377"
"2021","10","청소년(14~19)","85","개념","375"
"2021","10","청소년(14~19)","86","만화","372"
"2021","10","청소년(14~19)","87","사이","369"
"2021","10","청소년(14~19)","87","얼마","369"
"2021","10","청소년(14~19)","89","노력","364"
"2021","10","청소년(14~19)","90","인물","356"
"2021","10","청소년(14~19)","91","영화","355"
"2021","10","청소년(14~19)","92","대결","353"
"2021","10","청소년(14~19)","93","구성","351"
"2021","10","청소년(14~19)","94","순간","349"
"2021","10","청소년(14~19)","95","유전자","344"
"2021","10","청소년(14~19)","96","시절","343"
"2021","10","청소년(14~19)","97","등장","341"
"2021","10","청소년(14~19)","97","자기","341"
"2021","10","청소년(14~19)","99","화학","338"
"2021","10","청소년(14~19)","99","감정","338"
"2021","10","초등(8~13)","1","과학","2347"
"2021","10","초등(8~13)","2","어린이","1714"
"2021","10","초등(8~13)","3","만화","1378"
"2021","10","초등(8~13)","4","시리즈","1233"
"2021","10","초등(8~13)","5","아이","1199"
"2021","10","초등(8~13)","6","세계","1153"
"2021","10","초등(8~13)","7","실험","1124"
"2021","10","초등(8~13)","8","역사","1100"
"2021","10","초등(8~13)","9","다양","1057"
"2021","10","초등(8~13)","10","학습만화","1008"
"2021","10","초등(8~13)","11","발명","994"
"2021","10","초등(8~13)","12","원리","960"
"2021","10","초등(8~13)","13","학습","915"
"2021","10","초등(8~13)","14","독자","890"
"2021","10","초등(8~13)","15","한자","874"
"2021","10","초등(8~13)","16","친구","854"
"2021","10","초등(8~13)","17","아이들","846"
"2021","10","초등(8~13)","18","사건","828"
"2021","10","초등(8~13)","19","사람","789"
"2021","10","초등(8~13)","20","대결","778"
"2021","10","초등(8~13)","21","신화","662"
"2021","10","초등(8~13)","22","교과서","652"
"2021","10","초등(8~13)","23","과정","650"
"2021","10","초등(8~13)","24","주인공","647"
"2021","10","초등(8~13)","25","시작","611"
"2021","10","초등(8~13)","26","마음","600"
"2021","10","초등(8~13)","27","사랑","577"
"2021","10","초등(8~13)","28","탐정","558"
"2021","10","초등(8~13)","29","문제","556"
"2021","10","초등(8~13)","30","한국사","554"
"2021","10","초등(8~13)","31","해결","552"
"2021","10","초등(8~13)","32","그림","551"
"2021","10","초등(8~13)","33","동화","543"
"2021","10","초등(8~13)","34","자신","541"
"2021","10","초등(8~13)","35","비밀","518"
"2021","10","초등(8~13)","36","수상","516"
"2021","10","초등(8~13)","37","게임","497"
"2021","10","초등(8~13)","38","여행","496"
"2021","10","초등(8~13)","39","수학","495"
"2021","10","초등(8~13)","40","정보","470"
"2021","10","초등(8~13)","41","가족","468"
"2021","10","초등(8~13)","42","모습","463"
"2021","10","초등(8~13)","43","내용","443"
"2021","10","초등(8~13)","44","이해","441"
"2021","10","초등(8~13)","45","생활","433"
"2021","10","초등(8~13)","46","학교","432"
"2021","10","초등(8~13)","47","핵심","425"
"2021","10","초등(8~13)","48","구성","421"
"2021","10","초등(8~13)","49","지식","416"
"2021","10","초등(8~13)","49","문화","416"
"2021","10","초등(8~13)","51","상상력","412"
"2021","10","초등(8~13)","52","모험","404"
"2021","10","초등(8~13)","53","스토리","402"
"2021","10","초등(8~13)","54","이번","401"
"2021","10","초등(8~13)","55","재미","391"
"2021","10","초등(8~13)","56","생각","387"
"2021","10","초등(8~13)","57","국내창작동화","378"
"2021","10","초등(8~13)","58","마법","375"
"2021","10","초등(8~13)","58","엄마","375"
"2021","10","초등(8~13)","60","캐릭터","374"
"2021","10","초등(8~13)","61","고민","373"
"2021","10","초등(8~13)","62","초등학교","371"
"2021","10","초등(8~13)","63","공부","368"
"2021","10","초등(8~13)","64","가지","367"
"2021","10","초등(8~13)","65","선생님","358"
"2021","10","초등(8~13)","66","시간","352"
"2021","10","초등(8~13)","67","카카오프렌즈","341"
"2021","10","초등(8~13)","68","마법천자문","336"
"2021","10","초등(8~13)","69","어른","333"
"2021","10","초등(8~13)","70","대한민국","323"
"2021","10","초등(8~13)","70","인기","323"
"2021","10","초등(8~13)","72","배우","311"
"2021","10","초등(8~13)","73","서울문화사","310"
"2021","10","초등(8~13)","74","최고","309"
"2021","10","초등(8~13)","75","쿠키런서바이벌대작전","306"
"2021","10","초등(8~13)","76","베스트셀러","304"
"2021","10","초등(8~13)","76","그리스","304"
"2021","10","초등(8~13)","78","지구","301"
"2021","10","초등(8~13)","79","판타지","299"
"2021","10","초등(8~13)","80","위기","297"
"2021","10","초등(8~13)","81","단원","292"
"2021","10","초등(8~13)","82","방법","289"
"2021","10","초등(8~13)","83","활동","286"
"2021","10","초등(8~13)","84","내일은실험왕","283"
"2021","10","초등(8~13)","85","일본","282"
"2021","10","초등(8~13)","86","등장","279"
"2021","10","초등(8~13)","86","추리","279"
"2021","10","초등(8~13)","88","이론","277"
"2021","10","초등(8~13)","88","시대","277"
"2021","10","초등(8~13)","90","외국창작동화","276"
"2021","10","초등(8~13)","91","이유","274"
"2021","10","초등(8~13)","92","이상한과자가게전천당","270"
"2021","10","초등(8~13)","93","특별","266"
"2021","10","초등(8~13)","94","아빠","260"
"2021","10","초등(8~13)","95","선정","257"
"2021","10","초등(8~13)","96","발명품","256"
"2021","10","초등(8~13)","96","누구","256"
"2021","10","초등(8~13)","98","상식","253"
"2021","10","초등(8~13)","99","영웅","252"
"2021","10","초등(8~13)","100","대상","249"
